date,region,confirmed,death,released,vaccinatedOnce
2021-01-01,서울,19356,182,10787,
2021-01-01,부산,1925,50,1370,
2021-01-01,대구,7844,201,7294,
2021-01-01,인천,2904,29,2150,
2021-01-01,광주,1098,6,864,
2021-01-01,대전,856,7,689,
2021-01-01,울산,716,26,457,
2021-01-01,세종,150,1,129,
2021-01-01,경기,14734,271,10535,
2021-01-01,강원,1237,13,906,
2021-01-01,충북,1185,24,629,
2021-01-01,충남,1668,23,1180,
2021-01-01,전북,845,11,644,
2021-01-01,전남,566,5,475,
2021-01-01,경북,2448,62,1904,
2021-01-01,경남,1360,4,1041,
2021-01-01,제주,421,0,219,
2021-01-01,검역,2445,2,1680,
2021-01-02,서울,19606,186,10852,
2021-01-02,부산,1951,53,1399,
2021-01-02,대구,7873,202,7311,
2021-01-02,인천,2975,29,2174,
2021-01-02,광주,1111,6,871,
2021-01-02,대전,860,7,697,
2021-01-02,울산,733,27,473,
2021-01-02,세종,153,1,129,
2021-01-02,경기,14961,281,10893,
2021-01-02,강원,1268,13,917,
2021-01-02,충북,1221,28,638,
2021-01-02,충남,1675,24,1186,
2021-01-02,전북,856,11,648,
2021-01-02,전남,577,5,477,
2021-01-02,경북,2468,62,1926,
2021-01-02,경남,1397,5,1060,
2021-01-02,제주,434,0,246,
2021-01-02,검역,2459,2,1681,
2021-01-03,서울,19804,189,11521,
2021-01-03,부산,1970,57,1424,
2021-01-03,대구,7895,202,7328,
2021-01-03,인천,3023,30,2217,
2021-01-03,광주,1137,7,884,
2021-01-03,대전,868,7,714,
2021-01-03,울산,740,29,490,
2021-01-03,세종,154,1,131,
2021-01-03,경기,15165,286,10893,
2021-01-03,강원,1301,15,928,
2021-01-03,충북,1248,28,655,
2021-01-03,충남,1684,24,1190,
2021-01-03,전북,861,13,654,
2021-01-03,전남,589,5,483,
2021-01-03,경북,2482,62,1959,
2021-01-03,경남,1409,5,1079,
2021-01-03,제주,438,0,276,
2021-01-03,검역,2467,2,1681,
2021-01-04,서울,20133,193,11721,
2021-01-04,부산,2007,58,1447,
2021-01-04,대구,7924,203,7359,
2021-01-04,인천,3126,30,2249,
2021-01-04,광주,1211,7,889,
2021-01-04,대전,874,7,720,
2021-01-04,울산,745,30,498,
2021-01-04,세종,154,1,132,
2021-01-04,경기,15433,292,11190,
2021-01-04,강원,1329,17,938,
2021-01-04,충북,1271,28,676,
2021-01-04,충남,1707,25,1210,
2021-01-04,전북,874,16,664,
2021-01-04,전남,592,5,487,
2021-01-04,경북,2507,62,2003,
2021-01-04,경남,1442,5,1089,
2021-01-04,제주,448,0,287,
2021-01-04,검역,2478,2,1681,
2021-01-05,서울,20332,204,12095,
2021-01-05,부산,2022,60,1455,
2021-01-05,대구,7956,203,7392,
2021-01-05,인천,3175,32,2294,
2021-01-05,광주,1234,7,916,
2021-01-05,대전,882,7,733,
2021-01-05,울산,749,31,510,
2021-01-05,세종,154,1,133,
2021-01-05,경기,15663,295,11411,
2021-01-05,강원,1356,17,964,
2021-01-05,충북,1303,32,698,
2021-01-05,충남,1725,25,1243,
2021-01-05,전북,879,18,687,
2021-01-05,전남,596,6,492,
2021-01-05,경북,2531,62,2045,
2021-01-05,경남,1463,5,1110,
2021-01-05,제주,456,0,313,
2021-01-05,검역,2493,2,1681,
2021-01-06,서울,20595,207,12429,
2021-01-06,부산,2060,63,1496,
2021-01-06,대구,7977,203,7422,
2021-01-06,인천,3213,33,2308,
2021-01-06,광주,1264,7,936,
2021-01-06,대전,891,7,749,
2021-01-06,울산,751,31,525,
2021-01-06,세종,155,1,133,
2021-01-06,경기,15947,304,11538,
2021-01-06,강원,1372,17,1004,
2021-01-06,충북,1324,33,723,
2021-01-06,충남,1749,25,1287,
2021-01-06,전북,901,21,702,
2021-01-06,전남,597,6,500,
2021-01-06,경북,2559,62,2083,
2021-01-06,경남,1492,5,1143,
2021-01-06,제주,461,0,336,
2021-01-06,검역,2499,2,1681,
2021-01-07,서울,20892,213,12543,
2021-01-07,부산,2083,64,1522,
2021-01-07,대구,7987,203,7439,
2021-01-07,인천,3254,34,2412,
2021-01-07,광주,1292,8,959,
2021-01-07,대전,900,7,753,
2021-01-07,울산,760,32,532,
2021-01-07,세종,158,1,136,
2021-01-07,경기,16250,312,11695,
2021-01-07,강원,1402,17,1031,
2021-01-07,충북,1338,34,744,
2021-01-07,충남,1769,25,1321,
2021-01-07,전북,903,21,715,
2021-01-07,전남,598,6,511,
2021-01-07,경북,2595,62,2124,
2021-01-07,경남,1512,5,1174,
2021-01-07,제주,470,0,356,
2021-01-07,검역,2513,2,1682,
2021-01-08,서울,21083,223,12805,
2021-01-08,부산,2107,68,1557,
2021-01-08,대구,8005,203,7469,
2021-01-08,인천,3284,34,2475,
2021-01-08,광주,1313,9,965,
2021-01-08,대전,908,8,772,
2021-01-08,울산,770,32,546,
2021-01-08,세종,158,1,137,
2021-01-08,경기,16508,326,11826,
2021-01-08,강원,1413,18,1046,
2021-01-08,충북,1348,35,767,
2021-01-08,충남,1790,27,1349,
2021-01-08,전북,911,22,724,
2021-01-08,전남,598,6,514,
2021-01-08,경북,2625,62,2170,
2021-01-08,경남,1534,5,1199,
2021-01-08,제주,476,0,366,
2021-01-08,검역,2519,2,1682,
2021-01-09,서울,21271,223,13259,
2021-01-09,부산,2124,71,1585,
2021-01-09,대구,8018,203,7513,
2021-01-09,인천,3333,36,2522,
2021-01-09,광주,1319,9,1002,
2021-01-09,대전,913,10,781,
2021-01-09,울산,778,32,562,
2021-01-09,세종,158,1,138,
2021-01-09,경기,16719,335,11970,
2021-01-09,강원,1419,18,1077,
2021-01-09,충북,1378,36,795,
2021-01-09,충남,1817,27,1375,
2021-01-09,전북,925,24,750,
2021-01-09,전남,603,6,516,
2021-01-09,경북,2646,62,2194,
2021-01-09,경남,1560,5,1219,
2021-01-09,제주,481,0,384,
2021-01-09,검역,2529,2,1682,
2021-01-10,서울,21458,230,13800,
2021-01-10,부산,2158,74,1613,
2021-01-10,대구,8045,203,7557,
2021-01-10,인천,3366,36,2561,
2021-01-10,광주,1340,10,1011,
2021-01-10,대전,917,10,796,
2021-01-10,울산,812,32,613,
2021-01-10,세종,158,1,143,
2021-01-10,경기,16911,345,12189,
2021-01-10,강원,1439,20,1087,
2021-01-10,충북,1387,36,812,
2021-01-10,충남,1847,27,1385,
2021-01-10,전북,931,26,760,
2021-01-10,전남,607,6,519,
2021-01-10,경북,2665,62,2238,
2021-01-10,경남,1579,5,1248,
2021-01-10,제주,485,0,395,
2021-01-10,검역,2543,2,1682,
2021-01-11,서울,21599,239,15534,
2021-01-11,부산,2177,74,1659,
2021-01-11,대구,8056,203,7590,
2021-01-11,인천,3388,37,2589,
2021-01-11,광주,1364,10,1028,
2021-01-11,대전,918,10,798,
2021-01-11,울산,826,32,653,
2021-01-11,세종,158,1,144,
2021-01-11,경기,17058,349,12348,
2021-01-11,강원,1450,20,1105,
2021-01-11,충북,1397,36,824,
2021-01-11,충남,1858,27,1392,
2021-01-11,전북,938,26,762,
2021-01-11,전남,610,6,526,
2021-01-11,경북,2669,62,2259,
2021-01-11,경남,1592,6,1260,
2021-01-11,제주,487,0,399,
2021-01-11,검역,2554,2,1682,
2021-01-12,서울,21766,248,15938,
2021-01-12,부산,2198,77,1682,
2021-01-12,대구,8074,203,7622,
2021-01-12,인천,3409,38,2626,
2021-01-12,광주,1371,10,1049,
2021-01-12,대전,925,10,811,
2021-01-12,울산,833,33,670,
2021-01-12,세종,159,1,147,
2021-01-12,경기,17233,357,12584,
2021-01-12,강원,1457,21,1145,
2021-01-12,충북,1413,37,872,
2021-01-12,충남,1861,28,1415,
2021-01-12,전북,950,26,783,
2021-01-12,전남,612,6,530,
2021-01-12,경북,2677,62,2286,
2021-01-12,경남,1647,6,1314,
2021-01-12,제주,489,0,413,
2021-01-12,검역,2562,2,1682,
2021-01-13,서울,21918,250,16087,
2021-01-13,부산,2233,78,1721,
2021-01-13,대구,8087,203,7652,
2021-01-13,인천,3431,40,2666,
2021-01-13,광주,1375,10,1078,
2021-01-13,대전,934,11,820,
2021-01-13,울산,844,34,676,
2021-01-13,세종,159,1,148,
2021-01-13,경기,17434,364,13190,
2021-01-13,강원,1478,23,1171,
2021-01-13,충북,1424,37,903,
2021-01-13,충남,1866,28,1431,
2021-01-13,전북,958,30,789,
2021-01-13,전남,612,6,533,
2021-01-13,경북,2700,62,2313,
2021-01-13,경남,1689,6,1343,
2021-01-13,제주,490,0,426,
2021-01-13,검역,2565,2,1689,
2021-01-14,서울,22052,252,16304,
2021-01-14,부산,2273,81,1743,
2021-01-14,대구,8098,203,7687,
2021-01-14,인천,3456,40,2726,
2021-01-14,광주,1406,10,1101,
2021-01-14,대전,937,11,833,
2021-01-14,울산,854,34,689,
2021-01-14,세종,161,1,148,
2021-01-14,경기,17605,367,13472,
2021-01-14,강원,1489,24,1193,
2021-01-14,충북,1442,37,964,
2021-01-14,충남,1878,28,1550,
2021-01-14,전북,961,30,809,
2021-01-14,전남,618,6,539,
2021-01-14,경북,2718,63,2345,
2021-01-14,경남,1705,6,1370,
2021-01-14,제주,492,0,436,
2021-01-14,검역,2576,2,1863,
2021-01-15,서울,22179,254,16518,
2021-01-15,부산,2320,83,1781,
2021-01-15,대구,8109,204,7708,
2021-01-15,인천,3480,41,2823,
2021-01-15,광주,1412,12,1134,
2021-01-15,대전,940,12,836,
2021-01-15,울산,860,36,695,
2021-01-15,세종,165,1,149,
2021-01-15,경기,17791,376,13672,
2021-01-15,강원,1502,24,1193,
2021-01-15,충북,1451,38,1003,
2021-01-15,충남,1884,28,1581,
2021-01-15,전북,967,30,823,
2021-01-15,전남,631,6,540,
2021-01-15,경북,2741,63,2370,
2021-01-15,경남,1727,7,1399,
2021-01-15,제주,493,0,445,
2021-01-15,검역,2581,2,1866,
2021-01-16,서울,22335,262,16885,
2021-01-16,부산,2381,84,1816,
2021-01-16,대구,8132,204,7731,
2021-01-16,인천,3513,42,2885,
2021-01-16,광주,1418,12,1150,
2021-01-16,대전,945,12,851,
2021-01-16,울산,868,36,700,
2021-01-16,세종,166,1,152,
2021-01-16,경기,17959,380,13949,
2021-01-16,강원,1525,24,1235,
2021-01-16,충북,1457,38,1050,
2021-01-16,충남,1892,29,1616,
2021-01-16,전북,984,33,835,
2021-01-16,전남,644,6,542,
2021-01-16,경북,2761,64,2406,
2021-01-16,경남,1747,7,1429,
2021-01-16,제주,497,0,453,
2021-01-16,검역,2589,2,1869,
2021-01-17,서울,22480,265,17093,
2021-01-17,부산,2415,84,1851,
2021-01-17,대구,8147,205,7751,
2021-01-17,인천,3548,42,2922,
2021-01-17,광주,1433,12,1188,
2021-01-17,대전,948,12,855,
2021-01-17,울산,886,36,706,
2021-01-17,세종,167,1,154,
2021-01-17,경기,18134,384,14178,
2021-01-17,강원,1529,24,1251,
2021-01-17,충북,1464,41,1081,
2021-01-17,충남,1899,30,1637,
2021-01-17,전북,989,34,837,
2021-01-17,전남,659,6,542,
2021-01-17,경북,2776,64,2436,
2021-01-17,경남,1765,7,1439,
2021-01-17,제주,497,0,462,
2021-01-17,검역,2597,2,1870,
2021-01-18,서울,22612,271,17211,
2021-01-18,부산,2425,84,1864,
2021-01-18,대구,8160,205,7763,
2021-01-18,인천,3561,42,2944,
2021-01-18,광주,1444,12,1192,
2021-01-18,대전,950,12,858,
2021-01-18,울산,892,36,712,
2021-01-18,세종,169,1,154,
2021-01-18,경기,18239,389,14375,
2021-01-18,강원,1545,25,1258,
2021-01-18,충북,1473,44,1085,
2021-01-18,충남,1910,30,1651,
2021-01-18,전북,992,34,843,
2021-01-18,전남,663,6,552,
2021-01-18,경북,2794,64,2445,
2021-01-18,경남,1787,7,1462,
2021-01-18,제주,499,0,467,
2021-01-18,검역,2607,2,1887,
2021-01-19,서울,22713,277,17487,
2021-01-19,부산,2442,85,1894,
2021-01-19,대구,8176,206,7787,
2021-01-19,인천,3580,44,3011,
2021-01-19,광주,1452,13,1214,
2021-01-19,대전,957,12,866,
2021-01-19,울산,900,36,724,
2021-01-19,세종,172,1,155,
2021-01-19,경기,18378,393,14538,
2021-01-19,강원,1562,27,1272,
2021-01-19,충북,1478,46,1103,
2021-01-19,충남,1918,30,1667,
2021-01-19,전북,995,34,850,
2021-01-19,전남,669,6,555,
2021-01-19,경북,2803,64,2489,
2021-01-19,경남,1798,7,1488,
2021-01-19,제주,500,0,476,
2021-01-19,검역,2615,2,1892,
2021-01-20,서울,22856,279,17762,
2021-01-20,부산,2455,85,1917,
2021-01-20,대구,8188,206,7805,
2021-01-20,인천,3596,44,3036,
2021-01-20,광주,1463,14,1229,
2021-01-20,대전,958,12,880,
2021-01-20,울산,903,36,757,
2021-01-20,세종,172,1,156,
2021-01-20,경기,18517,399,14732,
2021-01-20,강원,1573,28,1281,
2021-01-20,충북,1481,47,1126,
2021-01-20,충남,1926,30,1690,
2021-01-20,전북,997,40,853,
2021-01-20,전남,678,6,560,
2021-01-20,경북,2810,64,2514,
2021-01-20,경남,1817,7,1507,
2021-01-20,제주,506,0,481,
2021-01-20,검역,2616,2,1894,
2021-01-21,서울,22981,285,17987,
2021-01-21,부산,2474,86,1956,
2021-01-21,대구,8195,206,7825,
2021-01-21,인천,3619,44,3056,
2021-01-21,광주,1469,14,1250,
2021-01-21,대전,958,12,893,
2021-01-21,울산,906,36,772,
2021-01-21,세종,173,1,156,
2021-01-21,경기,18655,403,14904,
2021-01-21,강원,1581,29,1299,
2021-01-21,충북,1488,48,1152,
2021-01-21,충남,1936,31,1728,
2021-01-21,전북,1002,41,857,
2021-01-21,전남,692,6,567,
2021-01-21,경북,2818,64,2539,
2021-01-21,경남,1833,7,1528,
2021-01-21,제주,511,0,483,
2021-01-21,검역,2621,3,1894,
2021-01-22,서울,23096,290,18156,
2021-01-22,부산,2497,87,1975,
2021-01-22,대구,8201,206,7838,
2021-01-22,인천,3628,45,3108,
2021-01-22,광주,1471,15,1276,
2021-01-22,대전,959,12,899,
2021-01-22,울산,909,36,781,
2021-01-22,세종,173,1,156,
2021-01-22,경기,18771,405,15046,
2021-01-22,강원,1590,29,1319,
2021-01-22,충북,1489,50,1185,
2021-01-22,충남,1943,31,1749,
2021-01-22,전북,1002,41,864,
2021-01-22,전남,699,6,569,
2021-01-22,경북,2833,64,2555,
2021-01-22,경남,1854,7,1561,
2021-01-22,제주,513,0,484,
2021-01-22,검역,2630,3,1894,
2021-01-23,서울,23223,294,18294,
2021-01-23,부산,2530,87,2005,
2021-01-23,대구,8223,206,7853,
2021-01-23,인천,3640,45,3125,
2021-01-23,광주,1478,15,1281,
2021-01-23,대전,960,12,905,
2021-01-23,울산,911,36,789,
2021-01-23,세종,174,1,157,
2021-01-23,경기,18888,407,15234,
2021-01-23,강원,1596,29,1343,
2021-01-23,충북,1493,51,1198,
2021-01-23,충남,1960,32,1760,
2021-01-23,전북,1009,42,875,
2021-01-23,전남,709,6,573,
2021-01-23,경북,2851,64,2576,
2021-01-23,경남,1886,7,1614,
2021-01-23,제주,516,0,485,
2021-01-23,검역,2642,3,1977,
2021-01-24,서울,23356,297,18454,
2021-01-24,부산,2550,88,2031,
2021-01-24,대구,8235,206,7868,
2021-01-24,인천,3665,46,3146,
2021-01-24,광주,1495,16,1293,
2021-01-24,대전,960,13,911,
2021-01-24,울산,913,36,800,
2021-01-24,세종,185,1,157,
2021-01-24,경기,18987,410,15386,
2021-01-24,강원,1607,30,1352,
2021-01-24,충북,1505,52,1203,
2021-01-24,충남,1969,32,1767,
2021-01-24,전북,1013,42,881,
2021-01-24,전남,710,6,573,
2021-01-24,경북,2859,64,2600,
2021-01-24,경남,1903,7,1642,
2021-01-24,제주,518,0,488,
2021-01-24,검역,2651,3,1978,
2021-01-25,서울,23458,301,18626,
2021-01-25,부산,2570,88,2057,
2021-01-25,대구,8250,207,7880,
2021-01-25,인천,3679,46,3154,
2021-01-25,광주,1511,16,1305,
2021-01-25,대전,1085,13,913,
2021-01-25,울산,915,36,804,
2021-01-25,세종,187,1,159,
2021-01-25,경기,19063,414,15515,
2021-01-25,강원,1611,30,1369,
2021-01-25,충북,1513,53,1218,
2021-01-25,충남,1982,33,1772,
2021-01-25,전북,1013,42,884,
2021-01-25,전남,713,6,575,
2021-01-25,경북,2874,64,2610,
2021-01-25,경남,1914,7,1649,
2021-01-25,제주,518,0,488,
2021-01-25,검역,2662,3,1978,
2021-01-26,서울,23562,304,19028,
2021-01-26,부산,2597,89,2094,
2021-01-26,대구,8263,207,7905,
2021-01-26,인천,3697,47,3178,
2021-01-26,광주,1523,16,1320,
2021-01-26,대전,1089,13,920,
2021-01-26,울산,915,36,823,
2021-01-26,세종,189,1,162,
2021-01-26,경기,19140,417,16704,
2021-01-26,강원,1654,30,1379,
2021-01-26,충북,1520,53,1240,
2021-01-26,충남,1988,33,1781,
2021-01-26,전북,1014,42,901,
2021-01-26,전남,722,6,579,
2021-01-26,경북,2882,65,2629,
2021-01-26,경남,1926,9,1680,
2021-01-26,제주,518,0,492,
2021-01-26,검역,2668,3,1978,
2021-01-27,서울,23691,307,19158,
2021-01-27,부산,2629,89,2161,
2021-01-27,대구,8269,207,7917,
2021-01-27,인천,3717,47,3328,
2021-01-27,광주,1635,17,1333,
2021-01-27,대전,1090,13,925,
2021-01-27,울산,921,36,841,
2021-01-27,세종,193,1,163,
2021-01-27,경기,19290,418,16871,
2021-01-27,강원,1672,30,1390,
2021-01-27,충북,1528,53,1286,
2021-01-27,충남,1992,33,1786,
2021-01-27,전북,1027,44,905,
2021-01-27,전남,734,6,594,
2021-01-27,경북,2893,65,2649,
2021-01-27,경남,1947,9,1699,
2021-01-27,제주,518,0,493,
2021-01-27,검역,2680,3,1979,
2021-01-28,서울,23796,311,19329,
2021-01-28,부산,2683,91,2195,
2021-01-28,대구,8280,207,7936,
2021-01-28,인천,3758,48,3364,
2021-01-28,광주,1679,17,1345,
2021-01-28,대전,1094,13,928,
2021-01-28,울산,927,36,848,
2021-01-28,세종,194,1,164,
2021-01-28,경기,19408,418,17035,
2021-01-28,강원,1678,30,1399,
2021-01-28,충북,1553,53,1301,
2021-01-28,충남,1996,33,1793,
2021-01-28,전북,1028,44,910,
2021-01-28,전남,742,6,603,
2021-01-28,경북,2936,66,2669,
2021-01-28,경남,1966,9,1723,
2021-01-28,제주,518,0,495,
2021-01-28,검역,2687,3,1979,
2021-01-29,서울,23907,317,19486,
2021-01-29,부산,2717,92,2219,
2021-01-29,대구,8290,207,7951,
2021-01-29,인천,3777,48,3391,
2021-01-29,광주,1733,17,1354,
2021-01-29,대전,1095,13,931,
2021-01-29,울산,929,36,858,
2021-01-29,세종,194,1,166,
2021-01-29,경기,19544,422,17175,
2021-01-29,강원,1686,30,1426,
2021-01-29,충북,1562,54,1316,
2021-01-29,충남,2002,33,1811,
2021-01-29,전북,1034,44,920,
2021-01-29,전남,747,7,607,
2021-01-29,경북,2979,66,2682,
2021-01-29,경남,1981,9,1736,
2021-01-29,제주,519,0,495,
2021-01-29,검역,2696,3,1979,
2021-01-30,서울,24059,323,19594,
2021-01-30,부산,2737,93,2256,
2021-01-30,대구,8298,207,7961,
2021-01-30,인천,3792,48,3412,
2021-01-30,광주,1766,17,1369,
2021-01-30,대전,1097,13,934,
2021-01-30,울산,931,36,861,
2021-01-30,세종,194,1,168,
2021-01-30,경기,19690,425,17304,
2021-01-30,강원,1689,32,1445,
2021-01-30,충북,1573,55,1328,
2021-01-30,충남,2011,33,1825,
2021-01-30,전북,1037,45,923,
2021-01-30,전남,748,7,616,
2021-01-30,경북,3001,67,2694,
2021-01-30,경남,1993,9,1754,
2021-01-30,제주,521,0,500,
2021-01-30,검역,2711,3,2177,
2021-01-31,서울,24159,324,20088,
2021-01-31,부산,2757,93,2282,
2021-01-31,대구,8308,207,7967,
2021-01-31,인천,3813,50,3428,
2021-01-31,광주,1783,18,1375,
2021-01-31,대전,1097,13,935,
2021-01-31,울산,937,36,861,
2021-01-31,세종,196,1,172,
2021-01-31,경기,19803,425,17415,
2021-01-31,강원,1695,32,1458,
2021-01-31,충북,1574,55,1333,
2021-01-31,충남,2016,33,1834,
2021-01-31,전북,1039,46,923,
2021-01-31,전남,749,7,624,
2021-01-31,경북,3017,68,2713,
2021-01-31,경남,2011,9,1767,
2021-01-31,제주,522,0,504,
2021-01-31,검역,2726,3,2199,
2021-02-01,서울,24266,325,20330,
2021-02-01,부산,2772,94,2297,
2021-02-01,대구,8317,208,7975,
2021-02-01,인천,3824,50,3434,
2021-02-01,광주,1815,18,1382,
2021-02-01,대전,1098,13,938,
2021-02-01,울산,938,36,867,
2021-02-01,세종,196,1,172,
2021-02-01,경기,19895,426,17500,
2021-02-01,강원,1703,32,1469,
2021-02-01,충북,1580,55,1338,
2021-02-01,충남,2020,33,1839,
2021-02-01,전북,1042,47,923,
2021-02-01,전남,750,7,630,
2021-02-01,경북,3022,68,2713,
2021-02-01,경남,2015,9,1777,
2021-02-01,제주,522,0,504,
2021-02-01,검역,2732,3,2221,
2021-02-02,서울,24394,326,20485,
2021-02-02,부산,2784,94,2307,
2021-02-02,대구,8329,209,7992,
2021-02-02,인천,3832,50,3453,
2021-02-02,광주,1839,18,1389,
2021-02-02,대전,1098,13,939,
2021-02-02,울산,939,36,870,
2021-02-02,세종,196,1,179,
2021-02-02,경기,19977,429,17631,
2021-02-02,강원,1710,33,1477,
2021-02-02,충북,1598,55,1365,
2021-02-02,충남,2025,33,1848,
2021-02-02,전북,1044,50,930,
2021-02-02,전남,753,7,640,
2021-02-02,경북,3032,68,2734,
2021-02-02,경남,2026,10,1807,
2021-02-02,제주,523,0,508,
2021-02-02,검역,2744,3,2221,
2021-02-03,서울,24582,327,20693,
2021-02-03,부산,2803,95,2326,
2021-02-03,대구,8338,209,8011,
2021-02-03,인천,3853,50,3489,
2021-02-03,광주,1845,18,1411,
2021-02-03,대전,1105,14,949,
2021-02-03,울산,939,36,871,
2021-02-03,세종,197,1,181,
2021-02-03,경기,20088,432,17747,
2021-02-03,강원,1716,33,1488,
2021-02-03,충북,1607,55,1376,
2021-02-03,충남,2061,33,1861,
2021-02-03,전북,1054,50,931,
2021-02-03,전남,759,7,660,
2021-02-03,경북,3044,68,2741,
2021-02-03,경남,2034,10,1829,
2021-02-03,제주,524,0,514,
2021-02-03,검역,2761,3,2221,
2021-02-04,서울,24754,329,20771,
2021-02-04,부산,2829,95,2372,
2021-02-04,대구,8346,210,8031,
2021-02-04,인천,3897,51,3505,
2021-02-04,광주,1857,18,1431,
2021-02-04,대전,1107,14,966,
2021-02-04,울산,941,37,874,
2021-02-04,세종,197,1,185,
2021-02-04,경기,20222,434,17859,
2021-02-04,강원,1724,33,1503,
2021-02-04,충북,1611,55,1399,
2021-02-04,충남,2074,33,1871,
2021-02-04,전북,1055,50,938,
2021-02-04,전남,761,7,664,
2021-02-04,경북,3050,68,2753,
2021-02-04,경남,2042,10,1844,
2021-02-04,제주,527,0,516,
2021-02-04,검역,2767,3,2222,
2021-02-05,서울,24880,332,20911,
2021-02-05,부산,2862,96,2391,
2021-02-05,대구,8360,210,8036,
2021-02-05,인천,3923,51,3528,
2021-02-05,광주,1871,18,1460,
2021-02-05,대전,1107,14,1023,
2021-02-05,울산,941,37,875,
2021-02-05,세종,197,1,187,
2021-02-05,경기,20336,439,17948,
2021-02-05,강원,1729,33,1509,
2021-02-05,충북,1614,55,1410,
2021-02-05,충남,2087,33,1876,
2021-02-05,전북,1055,50,946,
2021-02-05,전남,761,7,671,
2021-02-05,경북,3057,70,2754,
2021-02-05,경남,2048,10,1854,
2021-02-05,제주,529,0,516,
2021-02-05,검역,2774,3,2222,
2021-02-06,서울,25023,333,21009,
2021-02-06,부산,2876,96,2414,
2021-02-06,대구,8378,210,8046,
2021-02-06,인천,3948,51,3556,
2021-02-06,광주,1883,19,1478,
2021-02-06,대전,1115,14,1034,
2021-02-06,울산,943,37,885,
2021-02-06,세종,197,1,188,
2021-02-06,경기,20450,440,18043,
2021-02-06,강원,1730,33,1528,
2021-02-06,충북,1616,57,1423,
2021-02-06,충남,2100,33,1895,
2021-02-06,전북,1059,50,949,
2021-02-06,전남,762,7,679,
2021-02-06,경북,3064,70,2766,
2021-02-06,경남,2060,10,1871,
2021-02-06,제주,535,0,518,
2021-02-06,검역,2785,3,2223,
2021-02-07,서울,25167,338,21092,
2021-02-07,부산,2885,96,2450,
2021-02-07,대구,8390,210,8056,
2021-02-07,인천,3965,51,3580,
2021-02-07,광주,1893,19,1500,
2021-02-07,대전,1121,14,1045,
2021-02-07,울산,944,37,890,
2021-02-07,세종,198,1,190,
2021-02-07,경기,20562,442,18136,
2021-02-07,강원,1736,33,1542,
2021-02-07,충북,1617,57,1425,
2021-02-07,충남,2114,33,1905,
2021-02-07,전북,1059,50,949,
2021-02-07,전남,766,7,684,
2021-02-07,경북,3065,70,2787,
2021-02-07,경남,2064,10,1893,
2021-02-07,제주,537,0,518,
2021-02-07,검역,2812,3,2223,
2021-02-08,서울,25279,339,21185,
2021-02-08,부산,2894,96,2476,
2021-02-08,대구,8411,211,8058,
2021-02-08,인천,3983,51,3595,
2021-02-08,광주,1900,19,1586,
2021-02-08,대전,1125,14,1046,
2021-02-08,울산,945,37,891,
2021-02-08,세종,199,1,190,
2021-02-08,경기,20645,442,18233,
2021-02-08,강원,1740,33,1550,
2021-02-08,충북,1617,57,1426,
2021-02-08,충남,2124,33,1907,
2021-02-08,전북,1059,51,949,
2021-02-08,전남,766,7,687,
2021-02-08,경북,3071,70,2793,
2021-02-08,경남,2068,10,1903,
2021-02-08,제주,537,0,519,
2021-02-08,검역,2820,3,2224,
2021-02-09,서울,25369,341,21318,
2021-02-09,부산,2903,96,2493,
2021-02-09,대구,8420,211,8069,
2021-02-09,인천,3999,51,3607,
2021-02-09,광주,1908,19,1621,
2021-02-09,대전,1127,15,1060,
2021-02-09,울산,948,37,895,
2021-02-09,세종,200,1,191,
2021-02-09,경기,20771,446,18355,
2021-02-09,강원,1743,34,1559,
2021-02-09,충북,1620,57,1443,
2021-02-09,충남,2129,33,1913,
2021-02-09,전북,1062,51,957,
2021-02-09,전남,766,7,690,
2021-02-09,경북,3076,70,2826,
2021-02-09,경남,2075,10,1936,
2021-02-09,제주,539,0,519,
2021-02-09,검역,2831,3,2224,
2021-02-10,서울,25544,343,21477,
2021-02-10,부산,2922,96,2526,
2021-02-10,대구,8436,211,8076,
2021-02-10,인천,4019,51,3654,
2021-02-10,광주,1922,19,1663,
2021-02-10,대전,1127,15,1064,
2021-02-10,울산,948,37,899,
2021-02-10,세종,201,1,193,
2021-02-10,경기,20940,448,18484,
2021-02-10,강원,1748,34,1575,
2021-02-10,충북,1622,57,1464,
2021-02-10,충남,2131,33,1933,
2021-02-10,전북,1064,51,966,
2021-02-10,전남,768,7,704,
2021-02-10,경북,3078,70,2851,
2021-02-10,경남,2084,10,1951,
2021-02-10,제주,539,0,522,
2021-02-10,검역,2837,3,2224,
2021-02-11,서울,25727,347,21548,
2021-02-11,부산,2951,97,2539,
2021-02-11,대구,8449,211,8089,
2021-02-11,인천,4044,51,3667,
2021-02-11,광주,1935,19,1711,
2021-02-11,대전,1130,15,1069,
2021-02-11,울산,950,37,901,
2021-02-11,세종,201,1,195,
2021-02-11,경기,21128,451,18611,
2021-02-11,강원,1759,34,1606,
2021-02-11,충북,1626,57,1474,
2021-02-11,충남,2132,33,1950,
2021-02-11,전북,1071,52,977,
2021-02-11,전남,768,7,711,
2021-02-11,경북,3079,70,2878,
2021-02-11,경남,2089,10,1967,
2021-02-11,제주,543,1,521,
2021-02-11,검역,2852,3,2224,
2021-02-12,서울,25885,351,21648,
2021-02-12,부산,2978,98,2553,
2021-02-12,대구,8461,211,8103,
2021-02-12,인천,4087,51,3682,
2021-02-12,광주,1941,19,1733,
2021-02-12,대전,1131,15,1072,
2021-02-12,울산,950,37,903,
2021-02-12,세종,203,1,195,
2021-02-12,경기,21233,456,18680,
2021-02-12,강원,1765,34,1614,
2021-02-12,충북,1632,57,1489,
2021-02-12,충남,2145,33,1957,
2021-02-12,전북,1073,53,978,
2021-02-12,전남,772,7,716,
2021-02-12,경북,3083,70,2893,
2021-02-12,경남,2093,10,1975,
2021-02-12,제주,547,1,521,
2021-02-12,검역,2858,3,2224,
2021-02-13,서울,26021,352,21726,
2021-02-13,부산,3005,100,2565,
2021-02-13,대구,8475,211,8114,
2021-02-13,인천,4117,51,3700,
2021-02-13,광주,1944,19,1755,
2021-02-13,대전,1136,15,1073,
2021-02-13,울산,952,37,903,
2021-02-13,세종,208,1,196,
2021-02-13,경기,21332,459,18773,
2021-02-13,강원,1767,35,1623,
2021-02-13,충북,1637,57,1500,
2021-02-13,충남,2160,33,1959,
2021-02-13,전북,1078,53,979,
2021-02-13,전남,772,7,721,
2021-02-13,경북,3088,70,2914,
2021-02-13,경남,2097,10,1981,
2021-02-13,제주,547,1,521,
2021-02-13,검역,2863,3,2224,
2021-02-14,서울,26173,355,21815,
2021-02-14,부산,3020,100,2584,
2021-02-14,대구,8478,211,8125,
2021-02-14,인천,4136,51,3731,
2021-02-14,광주,1946,19,1770,
2021-02-14,대전,1138,15,1076,
2021-02-14,울산,955,37,904,
2021-02-14,세종,210,1,196,
2021-02-14,경기,21412,463,18886,
2021-02-14,강원,1772,36,1628,
2021-02-14,충북,1642,57,1506,
2021-02-14,충남,2172,33,1979,
2021-02-14,전북,1084,53,986,
2021-02-14,전남,774,7,721,
2021-02-14,경북,3093,70,2916,
2021-02-14,경남,2103,10,1991,
2021-02-14,제주,547,1,521,
2021-02-14,검역,2870,3,2224,
2021-02-15,서울,26323,356,21887,
2021-02-15,부산,3035,101,2595,
2021-02-15,대구,8491,211,8130,
2021-02-15,인천,4148,51,3744,
2021-02-15,광주,1949,19,1793,
2021-02-15,대전,1146,15,1078,
2021-02-15,울산,959,37,904,
2021-02-15,세종,210,1,196,
2021-02-15,경기,21514,466,18978,
2021-02-15,강원,1773,36,1631,
2021-02-15,충북,1642,57,1507,
2021-02-15,충남,2181,33,1979,
2021-02-15,전북,1088,53,986,
2021-02-15,전남,779,7,722,
2021-02-15,경북,3101,70,2917,
2021-02-15,경남,2106,10,1998,
2021-02-15,제주,547,1,523,
2021-02-15,검역,2876,3,2226,
2021-02-16,서울,26484,359,22032,
2021-02-16,부산,3054,101,2617,
2021-02-16,대구,8503,211,8145,
2021-02-16,인천,4169,51,3797,
2021-02-16,광주,1951,19,1820,
2021-02-16,대전,1150,15,1084,
2021-02-16,울산,966,37,904,
2021-02-16,세종,210,1,196,
2021-02-16,경기,21648,468,19369,
2021-02-16,강원,1778,36,1665,
2021-02-16,충북,1649,58,1513,
2021-02-16,충남,2239,33,1986,
2021-02-16,전북,1093,53,990,
2021-02-16,전남,781,8,725,
2021-02-16,경북,3104,70,2942,
2021-02-16,경남,2114,10,2014,
2021-02-16,제주,548,1,526,
2021-02-16,검역,2884,3,2226,
2021-02-17,서울,26742,360,22430,
2021-02-17,부산,3073,101,2635,
2021-02-17,대구,8517,211,8158,
2021-02-17,인천,4190,51,3816,
2021-02-17,광주,1954,19,1832,
2021-02-17,대전,1157,15,1094,
2021-02-17,울산,975,37,907,
2021-02-17,세종,212,1,196,
2021-02-17,경기,21802,470,19629,
2021-02-17,강원,1781,36,1670,
2021-02-17,충북,1655,58,1528,
2021-02-17,충남,2314,33,2002,
2021-02-17,전북,1099,54,992,
2021-02-17,전남,796,8,737,
2021-02-17,경북,3119,70,2953,
2021-02-17,경남,2122,10,2021,
2021-02-17,제주,548,1,534,
2021-02-17,검역,2890,3,2226,
2021-02-18,서울,26927,362,22687,
2021-02-18,부산,3101,101,2659,
2021-02-18,대구,8526,212,8178,
2021-02-18,인천,4207,52,3864,
2021-02-18,광주,1970,19,1842,
2021-02-18,대전,1169,15,1102,
2021-02-18,울산,981,37,908,
2021-02-18,세종,213,1,197,
2021-02-18,경기,22043,471,19746,
2021-02-18,강원,1785,36,1673,
2021-02-18,충북,1672,58,1534,
2021-02-18,충남,2342,34,2021,
2021-02-18,전북,1105,54,992,
2021-02-18,전남,800,8,740,
2021-02-18,경북,3142,70,2964,
2021-02-18,경남,2129,10,2026,
2021-02-18,제주,553,1,534,
2021-02-18,검역,2902,3,2229,
2021-02-19,서울,27107,364,23078,
2021-02-19,부산,3117,102,2679,
2021-02-19,대구,8537,212,8190,
2021-02-19,인천,4245,52,3880,
2021-02-19,광주,1974,19,1856,
2021-02-19,대전,1173,15,1109,
2021-02-19,울산,993,37,910,
2021-02-19,세종,214,1,197,
2021-02-19,경기,22232,473,19863,
2021-02-19,강원,1792,37,1675,
2021-02-19,충북,1690,58,1534,
2021-02-19,충남,2366,34,2028,
2021-02-19,전북,1108,54,994,
2021-02-19,전남,810,8,743,
2021-02-19,경북,3164,70,2974,
2021-02-19,경남,2138,10,2038,
2021-02-19,제주,556,1,535,
2021-02-19,검역,2912,3,2230,
2021-02-20,서울,27230,365,23399,
2021-02-20,부산,3131,102,2701,
2021-02-20,대구,8546,213,8202,
2021-02-20,인천,4282,52,3895,
2021-02-20,광주,1979,19,1887,
2021-02-20,대전,1175,15,1110,
2021-02-20,울산,994,37,910,
2021-02-20,세종,214,1,198,
2021-02-20,경기,22402,474,19982,
2021-02-20,강원,1797,37,1680,
2021-02-20,충북,1706,58,1536,
2021-02-20,충남,2378,34,2038,
2021-02-20,전북,1116,54,998,
2021-02-20,전남,820,8,744,
2021-02-20,경북,3183,70,2982,
2021-02-20,경남,2146,10,2048,
2021-02-20,제주,558,1,535,
2021-02-20,검역,2919,3,2238,
2021-02-21,서울,27360,365,23553,
2021-02-21,부산,3143,102,2730,
2021-02-21,대구,8554,213,8221,
2021-02-21,인천,4303,52,3934,
2021-02-21,광주,1985,19,1895,
2021-02-21,대전,1175,15,1110,
2021-02-21,울산,998,37,912,
2021-02-21,세종,215,1,200,
2021-02-21,경기,22573,477,20127,
2021-02-21,강원,1803,38,1684,
2021-02-21,충북,1712,58,1540,
2021-02-21,충남,2388,34,2044,
2021-02-21,전북,1124,54,999,
2021-02-21,전남,828,8,747,
2021-02-21,경북,3190,70,2988,
2021-02-21,경남,2153,10,2058,
2021-02-21,제주,561,1,536,
2021-02-21,검역,2927,3,2238,
2021-02-22,서울,27466,369,23705,
2021-02-22,부산,3155,102,2761,
2021-02-22,대구,8558,213,8226,
2021-02-22,인천,4322,52,3965,
2021-02-22,광주,1990,19,1907,
2021-02-22,대전,1178,15,1113,
2021-02-22,울산,999,37,912,
2021-02-22,세종,215,1,200,
2021-02-22,경기,22694,477,20249,
2021-02-22,강원,1823,38,1684,
2021-02-22,충북,1719,58,1543,
2021-02-22,충남,2394,35,2046,
2021-02-22,전북,1128,54,1002,
2021-02-22,전남,831,8,749,
2021-02-22,경북,3201,70,2991,
2021-02-22,경남,2159,10,2060,
2021-02-22,제주,561,1,536,
2021-02-22,검역,2931,3,2238,
2021-02-23,서울,27591,371,23975,
2021-02-23,부산,3167,104,2774,
2021-02-23,대구,8568,213,8239,
2021-02-23,인천,4336,52,4009,
2021-02-23,광주,1997,20,1911,
2021-02-23,대전,1179,15,1117,
2021-02-23,울산,1001,37,912,
2021-02-23,세종,216,1,201,
2021-02-23,경기,22821,480,20358,
2021-02-23,강원,1837,41,1699,
2021-02-23,충북,1723,58,1545,
2021-02-23,충남,2402,35,2050,
2021-02-23,전북,1135,54,1013,
2021-02-23,전남,837,8,753,
2021-02-23,경북,3209,70,2997,
2021-02-23,경남,2164,10,2067,
2021-02-23,제주,561,1,536,
2021-02-23,검역,2936,3,2238,
2021-02-24,서울,27735,372,24449,
2021-02-24,부산,3180,104,2802,
2021-02-24,대구,8587,213,8252,
2021-02-24,인천,4354,52,4027,
2021-02-24,광주,2032,20,1916,
2021-02-24,대전,1181,15,1121,
2021-02-24,울산,1002,37,915,
2021-02-24,세종,218,1,203,
2021-02-24,경기,22964,481,20416,
2021-02-24,강원,1846,41,1704,
2021-02-24,충북,1724,58,1552,
2021-02-24,충남,2414,35,2069,
2021-02-24,전북,1143,54,1017,
2021-02-24,전남,838,8,755,
2021-02-24,경북,3227,71,3000,
2021-02-24,경남,2172,10,2077,
2021-02-24,제주,563,1,537,
2021-02-24,검역,2940,3,2238,
2021-02-25,서울,27857,373,24652,
2021-02-25,부산,3198,105,2814,
2021-02-25,대구,8601,213,8264,
2021-02-25,인천,4376,52,4048,
2021-02-25,광주,2047,21,1922,
2021-02-25,대전,1181,15,1123,
2021-02-25,울산,1004,37,919,
2021-02-25,세종,218,1,206,
2021-02-25,경기,23102,482,20513,
2021-02-25,강원,1848,41,1706,
2021-02-25,충북,1728,58,1557,
2021-02-25,충남,2430,35,2085,
2021-02-25,전북,1148,55,1022,
2021-02-25,전남,849,8,756,
2021-02-25,경북,3236,71,3005,
2021-02-25,경남,2174,10,2080,
2021-02-25,제주,568,1,538,
2021-02-25,검역,2950,3,2277,
2021-02-26,서울,27988,375,24808,
2021-02-26,부산,3209,105,2830,
2021-02-26,대구,8611,213,8275,
2021-02-26,인천,4391,52,4067,
2021-02-26,광주,2058,21,1929,
2021-02-26,대전,1187,15,1126,
2021-02-26,울산,1005,37,925,
2021-02-26,세종,219,1,209,
2021-02-26,경기,23243,484,20631,
2021-02-26,강원,1854,41,1709,
2021-02-26,충북,1738,58,1568,
2021-02-26,충남,2433,35,2107,
2021-02-26,전북,1164,55,1027,
2021-02-26,전남,854,8,758,
2021-02-26,경북,3242,71,3013,
2021-02-26,경남,2180,10,2083,
2021-02-26,제주,568,1,538,
2021-02-26,검역,2958,3,2277,
2021-02-27,서울,28119,378,24946,1922
2021-02-27,부산,3218,108,2852,485
2021-02-27,대구,8617,213,8284,308
2021-02-27,인천,4418,52,4081,881
2021-02-27,광주,2070,21,1932,3072
2021-02-27,대전,1189,15,1132,397
2021-02-27,울산,1008,37,931,160
2021-02-27,세종,220,1,209,40
2021-02-27,경기,23412,487,20773,3532
2021-02-27,강원,1860,41,1714,750
2021-02-27,충북,1746,58,1573,827
2021-02-27,충남,2437,35,2139,1558
2021-02-27,전북,1184,55,1033,1086
2021-02-27,전남,859,8,761,1740
2021-02-27,경북,3249,71,3028,399
2021-02-27,경남,2181,11,2092,1052
2021-02-27,제주,569,1,538,279
2021-02-27,검역,2961,3,2315,
2021-02-28,서울,28239,380,25017,2417
2021-02-28,부산,3223,108,2871,631
2021-02-28,대구,8623,213,8298,368
2021-02-28,인천,4431,52,4106,915
2021-02-28,광주,2084,21,1942,3274
2021-02-28,대전,1190,15,1142,417
2021-02-28,울산,1013,37,940,200
2021-02-28,세종,226,1,210,40
2021-02-28,경기,23553,492,20915,4067
2021-02-28,강원,1864,41,1715,750
2021-02-28,충북,1756,58,1575,847
2021-02-28,충남,2444,35,2164,1569
2021-02-28,전북,1191,55,1040,1103
2021-02-28,전남,859,8,765,1950
2021-02-28,경북,3253,71,3041,399
2021-02-28,경남,2183,11,2103,1096
2021-02-28,제주,570,1,538,279
2021-02-28,검역,2970,4,2315,
2021-03-01,서울,28331,381,25087,2636
2021-03-01,부산,3239,108,2901,751
2021-03-01,대구,8633,213,8304,368
2021-03-01,인천,4445,52,4145,948
2021-03-01,광주,2092,21,1949,3274
2021-03-01,대전,1190,15,1143,641
2021-03-01,울산,1015,37,948,210
2021-03-01,세종,227,1,210,40
2021-03-01,경기,23713,493,21075,4153
2021-03-01,강원,1869,41,1719,750
2021-03-01,충북,1764,58,1582,897
2021-03-01,충남,2448,35,2177,1569
2021-03-01,전북,1201,55,1040,1195
2021-03-01,전남,861,8,771,1951
2021-03-01,경북,3266,71,3050,419
2021-03-01,경남,2188,11,2111,1096
2021-03-01,제주,570,1,543,279
2021-03-01,검역,2975,4,2315,
2021-03-02,서울,28453,381,25152,2929
2021-03-02,부산,3256,108,2911,802
2021-03-02,대구,8647,213,8307,458
2021-03-02,인천,4456,52,4161,980
2021-03-02,광주,2096,21,1950,3314
2021-03-02,대전,1191,15,1147,641
2021-03-02,울산,1015,37,950,220
2021-03-02,세종,232,1,210,40
2021-03-02,경기,23829,493,21193,4210
2021-03-02,강원,1871,41,1721,751
2021-03-02,충북,1770,58,1585,1151
2021-03-02,충남,2452,35,2202,1616
2021-03-02,전북,1210,55,1042,1769
2021-03-02,전남,868,8,771,2306
2021-03-02,경북,3273,71,3059,503
2021-03-02,경남,2193,12,2117,1117
2021-03-02,제주,575,1,545,279
2021-03-02,검역,2984,4,2315,
2021-03-03,서울,28572,385,25251,8345
2021-03-03,부산,3264,108,2927,7270
2021-03-03,대구,8653,214,8316,2762
2021-03-03,인천,4476,52,4177,4931
2021-03-03,광주,2099,21,1956,6410
2021-03-03,대전,1193,15,1147,2697
2021-03-03,울산,1016,37,955,1385
2021-03-03,세종,236,1,213,209
2021-03-03,경기,24056,494,21337,16390
2021-03-03,강원,1877,41,1729,1865
2021-03-03,충북,1789,58,1595,3973
2021-03-03,충남,2456,35,2221,5527
2021-03-03,전북,1215,55,1048,6142
2021-03-03,전남,871,8,773,6061
2021-03-03,경북,3279,71,3070,3942
2021-03-03,경남,2198,12,2125,8778
2021-03-03,제주,579,1,545,741
2021-03-03,검역,2986,4,2315,
2021-03-04,서울,28690,388,25419,13131
2021-03-04,부산,3282,108,2942,13902
2021-03-04,대구,8673,214,8321,6143
2021-03-04,인천,4494,53,4203,8763
2021-03-04,광주,2105,21,1959,8386
2021-03-04,대전,1196,15,1152,4789
2021-03-04,울산,1016,37,956,2753
2021-03-04,세종,236,1,213,319
2021-03-04,경기,24242,496,21469,31593
2021-03-04,강원,1883,41,1744,3815
2021-03-04,충북,1801,58,1613,5990
2021-03-04,충남,2460,35,2244,9152
2021-03-04,전북,1221,55,1056,9718
2021-03-04,전남,872,8,780,10176
2021-03-04,경북,3286,71,3099,9041
2021-03-04,경남,2208,13,2128,15598
2021-03-04,제주,582,1,547,1152
2021-03-04,검역,2992,4,2317,
2021-03-05,서울,28819,391,25546,23015
2021-03-05,부산,3302,108,2955,18684
2021-03-05,대구,8676,214,8339,8994
2021-03-05,인천,4507,53,4217,14055
2021-03-05,광주,2111,21,1967,9626
2021-03-05,대전,1196,15,1155,5993
2021-03-05,울산,1019,37,959,4069
2021-03-05,세종,237,1,215,440
2021-03-05,경기,24415,500,21598,51996
2021-03-05,강원,1887,42,1755,5170
2021-03-05,충북,1820,58,1624,8885
2021-03-05,충남,2469,35,2267,12742
2021-03-05,전북,1224,55,1061,11762
2021-03-05,전남,872,8,789,13450
2021-03-05,경북,3292,71,3112,13339
2021-03-05,경남,2211,13,2135,21946
2021-03-05,제주,584,1,548,1687
2021-03-05,검역,2996,4,2318,
2021-03-06,서울,28947,393,25628,34156
2021-03-06,부산,3314,109,2987,24725
2021-03-06,대구,8680,214,8351,14400
2021-03-06,인천,4527,53,4242,18265
2021-03-06,광주,2114,21,1975,11614
2021-03-06,대전,1196,15,1155,7242
2021-03-06,울산,1023,37,963,5854
2021-03-06,세종,239,1,214,555
2021-03-06,경기,24588,502,21713,68928
2021-03-06,강원,1894,42,1775,6253
2021-03-06,충북,1842,58,1628,10847
2021-03-06,충남,2476,35,2282,15401
2021-03-06,전북,1228,55,1066,13366
2021-03-06,전남,875,8,796,15395
2021-03-06,경북,3305,71,3122,17867
2021-03-06,경남,2216,13,2146,29323
2021-03-06,제주,589,1,552,2189
2021-03-06,검역,3002,4,2318,
2021-03-07,서울,29079,394,25708,36452
2021-03-07,부산,3320,109,3008,26165
2021-03-07,대구,8688,214,8366,15320
2021-03-07,인천,4555,53,4255,18906
2021-03-07,광주,2118,21,1979,13421
2021-03-07,대전,1197,15,1157,7639
2021-03-07,울산,1025,37,964,6467
2021-03-07,세종,241,1,217,587
2021-03-07,경기,24760,502,21837,72109
2021-03-07,강원,1904,42,1779,6545
2021-03-07,충북,1851,58,1629,11184
2021-03-07,충남,2482,35,2300,15914
2021-03-07,전북,1233,55,1075,15218
2021-03-07,전남,881,8,799,16014
2021-03-07,경북,3318,71,3127,18688
2021-03-07,경남,2219,14,2150,31385
2021-03-07,제주,593,1,552,2642
2021-03-07,검역,3007,4,2318,
2021-03-08,서울,29179,396,25795,36876
2021-03-08,부산,3332,109,3031,26298
2021-03-08,대구,8694,214,8371,15407
2021-03-08,인천,4570,53,4280,18911
2021-03-08,광주,2133,21,1984,13508
2021-03-08,대전,1197,15,1161,7716
2021-03-08,울산,1028,37,964,6467
2021-03-08,세종,242,1,217,587
2021-03-08,경기,24888,507,21925,72439
2021-03-08,강원,1914,42,1779,6636
2021-03-08,충북,1871,58,1629,11207
2021-03-08,충남,2496,35,2302,15914
2021-03-08,전북,1237,56,1077,15674
2021-03-08,전남,887,8,799,16039
2021-03-08,경북,3321,71,3131,18688
2021-03-08,경남,2220,14,2156,31694
2021-03-08,제주,596,1,555,2804
2021-03-08,검역,3012,4,2318,
2021-03-09,서울,29281,396,25969,48715
2021-03-09,부산,3351,110,3031,31226
2021-03-09,대구,8697,214,8381,19531
2021-03-09,인천,4590,53,4292,21197
2021-03-09,광주,2166,21,2000,16722
2021-03-09,대전,1198,15,1163,10108
2021-03-09,울산,1039,37,965,7756
2021-03-09,세종,242,1,218,782
2021-03-09,경기,25076,508,22070,85119
2021-03-09,강원,1927,42,1791,8840
2021-03-09,충북,1892,58,1629,12873
2021-03-09,충남,2511,35,2323,18938
2021-03-09,전북,1245,56,1090,19406
2021-03-09,전남,890,8,803,19187
2021-03-09,경북,3323,71,3143,22316
2021-03-09,경남,2221,14,2158,37103
2021-03-09,제주,598,1,556,3527
2021-03-09,검역,3016,4,2318,
2021-03-10,서울,29419,398,26120,59748
2021-03-10,부산,3358,110,3044,36622
2021-03-10,대구,8698,214,8393,22917
2021-03-10,인천,4613,54,4320,23548
2021-03-10,광주,2167,21,2015,19917
2021-03-10,대전,1201,15,1163,12349
2021-03-10,울산,1060,37,966,8836
2021-03-10,세종,242,1,220,794
2021-03-10,경기,25279,508,22184,96302
2021-03-10,강원,1947,42,1797,12130
2021-03-10,충북,1913,59,1649,14173
2021-03-10,충남,2517,35,2337,21760
2021-03-10,전북,1250,56,1101,22736
2021-03-10,전남,893,8,816,23072
2021-03-10,경북,3327,71,3152,26043
2021-03-10,경남,2228,14,2159,41730
2021-03-10,제주,600,1,558,4264
2021-03-10,검역,3021,4,2318,
2021-03-11,서울,29557,399,26213,72660
2021-03-11,부산,3372,110,3059,40074
2021-03-11,대구,8702,214,8401,25379
2021-03-11,인천,4631,54,4344,25954
2021-03-11,광주,2168,21,2045,22393
2021-03-11,대전,1202,15,1169,14486
2021-03-11,울산,1083,37,966,9249
2021-03-11,세종,242,1,220,880
2021-03-11,경기,25463,510,22322,106542
2021-03-11,강원,1977,42,1801,15014
2021-03-11,충북,1919,60,1660,15448
2021-03-11,충남,2521,35,2350,24210
2021-03-11,전북,1258,56,1110,25222
2021-03-11,전남,896,8,818,25985
2021-03-11,경북,3338,71,3159,28469
2021-03-11,경남,2236,14,2161,43840
2021-03-11,제주,602,1,559,4830
2021-03-11,검역,3031,4,2318,